Timestamp,Total People,People Missing PPE Details
2025-10-16 12:20:05,2,"Person 1: goggles, gloves, boots; Person 2: goggles, gloves, boots"
2025-10-16 12:20:06,2,"Person 1: goggles, gloves, boots; Person 2: vest, goggles, gloves, helmet, boots"
2025-10-16 12:20:07,3,"Person 1: goggles, gloves; Person 2: vest, goggles, gloves, helmet, boots; Person 3: vest, goggles, gloves, helmet, boots"
2025-10-16 12:20:08,3,"Person 1: vest, goggles, gloves, helmet, boots; Person 2: goggles, gloves; Person 3: goggles, gloves, boots"
2025-10-16 12:20:08,2,"Person 1: vest, goggles, gloves, helmet, boots; Person 2: goggles, gloves, boots"
2025-10-16 12:20:09,3,"Person 1: goggles, gloves, boots; Person 2: goggles, gloves, boots; Person 3: goggles, gloves, helmet, boots"
2025-10-16 12:20:10,2,"Person 1: goggles, gloves; Person 2: goggles, gloves, boots"
2025-10-16 12:20:10,2,"Person 1: goggles, gloves; Person 2: goggles, gloves, boots"
2025-10-16 12:20:11,2,"Person 1: goggles, gloves; Person 2: goggles, gloves"
2025-10-16 12:20:11,2,"Person 1: goggles, gloves; Person 2: goggles, gloves"
2025-10-16 12:20:12,2,"Person 1: goggles, gloves; Person 2: goggles, gloves"
2025-10-16 12:20:12,2,"Person 1: goggles, gloves; Person 2: goggles, gloves"
2025-10-16 12:20:13,2,"Person 1: goggles, gloves; Person 2: goggles, gloves, boots"
2025-10-16 12:20:13,2,"Person 1: goggles, gloves; Person 2: goggles, gloves"
2025-10-16 12:20:14,2,"Person 1: goggles, gloves; Person 2: goggles, gloves"
2025-10-16 12:20:14,2,"Person 1: goggles, gloves; Person 2: goggles, gloves"
2025-10-16 12:20:16,2,"Person 1: goggles, gloves; Person 2: goggles, gloves"
2025-10-16 12:20:16,2,"Person 1: goggles, gloves; Person 2: goggles, gloves"
2025-10-16 12:20:17,2,"Person 1: goggles, gloves; Person 2: goggles, gloves"
2025-10-16 12:20:17,2,"Person 1: goggles, gloves; Person 2: goggles, gloves"
2025-10-16 12:20:18,2,"Person 1: goggles, gloves; Person 2: goggles, gloves"
2025-10-16 12:20:18,2,"Person 1: goggles, gloves; Person 2: goggles, gloves, boots"
2025-10-16 12:20:19,2,"Person 1: goggles, gloves; Person 2: goggles, gloves, boots"
2025-10-16 12:20:19,2,"Person 1: goggles, gloves; Person 2: goggles, gloves"
