kind,path,bytes,sha256,n_boxes
image,datasets/construction-ppe/images/test/image1.jpeg,50184,fc1c0ef16712655f3eda7f709141d980b7e1deab06c18b4a4cea51eff7a403db,
label,datasets/construction-ppe/labels/test/image1.txt,190,55cda6845061ff1e4fa06ee2c5e692256ff3a185ff23ab23a82c74cb47f3d147,5
image,datasets/construction-ppe/images/test/image10.jpeg,46993,ae293c38ac2c443941b7c35f3821204c496da86cdd27a0ee7a3373b862f7ef9d,
label,datasets/construction-ppe/labels/test/image10.txt,228,b196ec329051b5f7d86cb2094e0b0646f0f717d2285cb292091305de01eb1f9c,6
image,datasets/construction-ppe/images/test/image1003.jpg,44223,132e642eeaa562bab24041d09be4826644b2a3b3e09d47a72e45596a0bdc6fd1,
label,datasets/construction-ppe/labels/test/image1003.txt,266,7a7f4189375ed8dc916bb0097cdc379cd8c5e3b48fd3fea6ae3c158c784640ca,7
image,datasets/construction-ppe/images/test/image1007.jpg,42940,ae8c8e6d469d0d97b0ed1cbb23f877c678255ef115f6d8a54bd563ffafef51e7,
label,datasets/construction-ppe/labels/test/image1007.txt,304,6f02a73270861000b8fc665d1f192f6cdc8b750270d3088dc36de127e07c01a7,8
image,datasets/construction-ppe/images/test/image1009.jpg,61803,6e18fcd07f54e1957cd224f0b50620fc5854c158e2cdc036ea1f457ead1e2949,
label,datasets/construction-ppe/labels/test/image1009.txt,190,673d55838f26551a6d55c1afdfd2276331730c41337657213728106351743113,5
image,datasets/construction-ppe/images/test/image1014.jpg,45102,78d9ba7fc58a93e0bbbfc6bb6277071654809fa960960951b9b32327290b672b,
label,datasets/construction-ppe/labels/test/image1014.txt,304,9adfb036fbd986f6bcf1a06da32899a56643e612d36b399c696d7c2dc6825d8a,8
image,datasets/construction-ppe/images/test/image1019.jpg,45759,8e8d10e08fd6294ebd35112209d2c26981f96019766eada244a2ccd4517fbc66,
label,datasets/construction-ppe/labels/test/image1019.txt,266,e40658c79c2dcb015bb282d96b057d96bf264ae8dcedf8aafe678d030ef5b3cc,7
image,datasets/construction-ppe/images/test/image1023.jpg,48573,3eecfcad3555403ef85b9ace3e28796d5c216804986950e9777d4de6e9647fc8,
label,datasets/construction-ppe/labels/test/image1023.txt,304,2f5e70d65b30967c757a972218c56dab30fbcf0e5bc4d2625f3782df624f3d7a,8
image,datasets/construction-ppe/images/test/image1037.jpeg,50142,6c450b2f0d7642b79f95f1568c6699242e5541a3ef666bd2569a609178f5c070,
label,datasets/construction-ppe/labels/test/image1037.txt,950,7e3e88db82ddf91a6bca1419e8aad256d6ec9d74793984402765b1926dbf9ac0,25
image,datasets/construction-ppe/images/test/image1065.jpg,49738,e53bbc1f867306c241162d24e3f402c17664187b57b60c84f27e1f417b54d110,
label,datasets/construction-ppe/labels/test/image1065.txt,304,e0f933b1b550bec56500aec3edc5de197ead9e8ad58107b38ec99ee05eb8e4bf,8
image,datasets/construction-ppe/images/test/image1074.jpg,49134,93f57c0b653474740b82638024f0ae8b0ecbb68f2eb89d09fdbf68cc7298abc6,
label,datasets/construction-ppe/labels/test/image1074.txt,304,cd484a5a7a2872cf2a727e94c127c057db0a3403cc236d09fc13bb2b5a7ccee3,8
image,datasets/construction-ppe/images/test/image1076.jpg,48925,2ecb59ad18c49a4f7bc8c35ef79006351121588e8af792847d217b2b53fec72e,
label,datasets/construction-ppe/labels/test/image1076.txt,304,6d66ee6d5631c0927aca46deecf81230aeb39209038e821d1ac283bf7bbf2a85,8
image,datasets/construction-ppe/images/test/image1088.jpg,43999,14a41d47a6791fc5a39a6c930d64a77609ff539d54c3612f2cb05920ca2b060a,
label,datasets/construction-ppe/labels/test/image1088.txt,304,73e13eefd3e5ecbbe0d4f0c57c574c309cacd35ca4aabdec6662e23e4e642e6a,8
image,datasets/construction-ppe/images/test/image1089.jpg,43969,be5fa8295614f473d62005a25d5ac93c668ad02d99173741b594a332ff691640,
label,datasets/construction-ppe/labels/test/image1089.txt,304,e8a93d80cb44ec5bbcedb9948a334767baebb654c848bb239cab9454402d6f27,8
image,datasets/construction-ppe/images/test/image110.jpg,33631,ae0ec0d11b3a028cb284aea9af2f9bdbe3abf8eaacecfd8d6fdbb4beb09f1663,
label,datasets/construction-ppe/labels/test/image110.txt,380,085c3d563cc23347e26ecd2b53b7e0c16516752afb61acfa63c64844945602aa,10
image,datasets/construction-ppe/images/test/image1111.jpg,52946,4cf4cea617e7badd64c68c03a6c20df67f1c33800d8531feed3f74f52c53cb27,
label,datasets/construction-ppe/labels/test/image1111.txt,304,268651b8adbb5df1ec1946f8287e57d7965bf2dd3cf5aab7cb21f8043ad4034d,8
image,datasets/construction-ppe/images/test/image1114.jpg,52499,50b781de0ab7e6a48a253a32e71092a15fad19e50f3b1721a9d088bdf2c996e2,
label,datasets/construction-ppe/labels/test/image1114.txt,304,338108f1fa5a4a8be00de8e006760f00767b99e2f40ebcba600a02510494530e,8
image,datasets/construction-ppe/images/test/image1120.jpg,306292,62da23924d7de45be49cf4eecfc8b8aa3a51901e3794320a63e95b13f17b2482,
label,datasets/construction-ppe/labels/test/image1120.txt,152,d48fec02502e3625b685403a22934cd6f066c0fba2bc37141356c5473f6e15f2,4
image,datasets/construction-ppe/images/test/image1125.jpg,559109,ee1a3255b9c4facffddfd09b37d1b837bf383fccb46215685bbf447d83318314,
label,datasets/construction-ppe/labels/test/image1125.txt,418,36c76bcb879b4717e221cac08343fd672fd883da4a9a48691c5c90f04f8b7be1,11
image,datasets/construction-ppe/images/test/image1132.jpg,313055,eba55f595c70a0f4eb5d5ad8eb24309526a3478961bde04cdffd42013cb3d49c,
label,datasets/construction-ppe/labels/test/image1132.txt,304,bcbf481ce30fb46c2853c35f6147c1975db3d137c5c3a87d96b1ac54f0649250,8
image,datasets/construction-ppe/images/test/image1133.jpg,190826,060258f5709aa420d2997e52dd74e39d10c0b7e557fec102c265189122cc5470,
label,datasets/construction-ppe/labels/test/image1133.txt,190,fa32ad6329d816b2331d972ed86581da808aef8aa5d592050fbba8bd21ce18c7,5
image,datasets/construction-ppe/images/test/image1139.jpg,151406,37c3d6d3e7fc3eca2315f1734efc5eef32142a1ed9644515f35b6c8fbe45c94b,
label,datasets/construction-ppe/labels/test/image1139.txt,228,5e236a81c0394f192a0135b6e2a97d353276a9ac4466299b181d891fd8685ab0,6
image,datasets/construction-ppe/images/test/image1145.jpg,733995,9d0817c5664de792b7597489828da731fbeff4efeaf800c99a31529dfeca4b98,
label,datasets/construction-ppe/labels/test/image1145.txt,1414,5e27b10f7eb4fcf56a5abd505050b1a7629b9a1ab7c124567352191095cff3e2,37
image,datasets/construction-ppe/images/test/image1152.jpg,634251,47dbd51995e1a4e015772599c2e8621fb7ac16ba27671cfc2ca4d16b0841d0be,
label,datasets/construction-ppe/labels/test/image1152.txt,228,33468209208413d054e8e23cb09753ec48d4c23e88e2b72712fa9ff9ebbed0e3,6
image,datasets/construction-ppe/images/test/image116.jpg,50419,4c51d70924d06f97109d2f18dca18b5bf671b44b2e7657929e86960ea0ad90a7,
label,datasets/construction-ppe/labels/test/image116.txt,684,a66627e0928759e39d61925a3ddd8dff264beccf98e8dcccefd5b5b9b70a2561,18
image,datasets/construction-ppe/images/test/image1178.jpg,35619,3bc28965fa683bc4690d79b31d3622da7cf658096b40df6a8565ab55aca7a077,
label,datasets/construction-ppe/labels/test/image1178.txt,306,ba14ccb6494ca9cd69e98fbf38e93dda70f6c70ef1c43c6468809547dfea0e48,8
image,datasets/construction-ppe/images/test/image1205.jpg,241004,2575f828d948ccea69838fa7b0b7c9411e1f14cace4a93b6f3b4243b6190fc7c,
label,datasets/construction-ppe/labels/test/image1205.txt,418,e7b190152036908dc2517b32c54d366387ba9e7f47cc837e1a09e482f8b9fe44,11
image,datasets/construction-ppe/images/test/image122.jpeg,42788,b26f6bfa9fa36605c1dd87a6a637e31e5af3abd91e6ceff99b7ca1f0805a0f8a,
label,datasets/construction-ppe/labels/test/image122.txt,152,7a238be02d9c46e3c2f1d777f7975cfbddf70ded6704fba1d397702663155b1b,4
image,datasets/construction-ppe/images/test/image1229.jpg,169801,961267191ce57b3075124016aaea9158b26ae2364a78a7bed725695f5b1f739f,
label,datasets/construction-ppe/labels/test/image1229.txt,267,602f8a2ea290c7a9d4766cd22c18b46bc2be76dfb7b7a727733f71aa82d277f4,7
image,datasets/construction-ppe/images/test/image1231.jpg,616721,df1126344001803e77ccceacfd6fa13ce06454b01803e71aa63a10790fda0bbc,
label,datasets/construction-ppe/labels/test/image1231.txt,418,263c7bf9bb9ce6cc819e460393212d1d0da32a51789242bab78597c2cd61b05f,11
image,datasets/construction-ppe/images/test/image1235.jpg,445534,f5b127f1c78c8be9b116ad7446edaeb7d7cc8e39150dc27252c698f3fcb377e8,
label,datasets/construction-ppe/labels/test/image1235.txt,572,dbdafdfac98f03de288d44f1dd7b39f5d5c7104ce4df5310afa9e6dd5719587f,15
image,datasets/construction-ppe/images/test/image1239.jpg,468804,fccc8b72fa6dab487cf92349fbcf36154690f0abbba61c4981496714fb318a41,
label,datasets/construction-ppe/labels/test/image1239.txt,804,00b2d61ea202f2a34272cb8840d014fad48440c03ad5fd179554f48c72bdd1a4,21
image,datasets/construction-ppe/images/test/image1252.jpg,457134,f047d86f95a0cfd403261fab3e404ded260eb44fd7743db23ea9f9071816ae57,
label,datasets/construction-ppe/labels/test/image1252.txt,190,ddd3ac3eab5e2fac5e587edcc105106f9a575f825a0e0efd5afe0129b2a66f4c,5
image,datasets/construction-ppe/images/test/image1256.jpg,256748,f8a3ef82ced85b2d2871ee9bb61091aaa953479b16e8cd6c0a7e2b017b275c6f,
label,datasets/construction-ppe/labels/test/image1256.txt,836,e1eb1f16a2d94051f32b1e860c26f2dd4697e39ec6630af6757b854d69c14b44,22
image,datasets/construction-ppe/images/test/image1264.jpg,541526,0032ffc707c407bda80b804124b1f4e782320da56e4c8e2e81b1c477abf9f244,
label,datasets/construction-ppe/labels/test/image1264.txt,1220,8f1dd8cb320fa6b4e910c9fe7e7fb698b9393bcf4700d212f785379a66e6ebe6,32
image,datasets/construction-ppe/images/test/image1270.jpg,245338,aa31be89e67425278e467066c0098a5e116d06efdb5cd02aec87103172fdbf58,
label,datasets/construction-ppe/labels/test/image1270.txt,532,2592bb227cb44272e633f8a3473263e9702030930dca411e29d9e69199663a3e,14
image,datasets/construction-ppe/images/test/image1276.jpg,492632,56ea183ba10900f34a9d63bee84ef590096b09a2b914bb841337f700e0856d31,
label,datasets/construction-ppe/labels/test/image1276.txt,228,b707b3ca8e02cbccc4ffb106d1c8d3e8cf340d4d4acce021dc9745dc58513eaa,6
image,datasets/construction-ppe/images/test/image1292.jpg,46189,c5254b380ad09b4264ab73a5b04d36732fd30a59a992c7aa182401bcc8c062cb,
label,datasets/construction-ppe/labels/test/image1292.txt,228,c97e01d4cca30cf981f6a4cb957a62b9d1eeca8f2560fd32371ccac6115670da,6
image,datasets/construction-ppe/images/test/image1293.jpg,295155,1f77c61e13720d60903df26b7a85d8c3a0d7aac020ebb0796eae359ea5b7d58a,
label,datasets/construction-ppe/labels/test/image1293.txt,190,103d86f420603d7a584bec5fae950dc67e55b7668a46a1cd996e356d614b71e6,5
image,datasets/construction-ppe/images/test/image1306.jpg,111019,c721d70e91cb39cc23addd34bf59df64a27df9b20d7cd58eae12fe884b568832,
label,datasets/construction-ppe/labels/test/image1306.txt,342,511299fb93d21feca6695ec40322ecada024821e9bc968989bb274dc45ba8837,9
image,datasets/construction-ppe/images/test/image1330.jpg,126277,3e396ea9d7f889ff0067fcf3b63dd6530d1812563ca20704558d6ff5a342747e,
label,datasets/construction-ppe/labels/test/image1330.txt,228,926e71ca524ce4af2e8a15c99af9e3fd129b237a4efefa154ae161200ea3b0ba,6
image,datasets/construction-ppe/images/test/image1331.jpg,128766,a7731ba2d930e24b9c07ee2507ed89c5804bf6952c4faf077ed47d2a6a62ebf0,
label,datasets/construction-ppe/labels/test/image1331.txt,190,32db3cd54929ab7a96c41683495951aea8bb6fc25a7fc2aa59515a541ec802ab,5
image,datasets/construction-ppe/images/test/image1332.jpg,244963,14bbccfc5d146b3f6ee06c644852adaa0eae0e354708a97bf775effcaca8843c,
label,datasets/construction-ppe/labels/test/image1332.txt,228,3fcc3c866e22a4c2124b920b35bfb586bce50e00dd524b3e0ae3d899d01d542a,6
image,datasets/construction-ppe/images/test/image1344.jpg,178565,671c488acdff1e89af2873edaba15c02d299a012cbddbe3a43a839eabef44139,
label,datasets/construction-ppe/labels/test/image1344.txt,152,15aeae3418fc6fdfc6a6c675ed62295ccf1c8534c73924b3431c5b590a8410f5,4
image,datasets/construction-ppe/images/test/image1354.jpg,321284,747dfa68bd8dc81d91fb76a0b38711d85cce47871f12b5fb8b8cc7b8f9ba192e,
label,datasets/construction-ppe/labels/test/image1354.txt,494,aea50e93e38e7ebe426c484f10c60d196da75ced1bb565f787d70b5b3c4b751d,13
image,datasets/construction-ppe/images/test/image140.jpg,13463,4b1cb3bd2ae77ebaa914039eb0a8722535954247f18cabe2aa3303851112b0d2,
label,datasets/construction-ppe/labels/test/image140.txt,228,6ca25f6e88da20a689a86d12eb6110723dda422e3661b1ad44ed255ec811815b,6
image,datasets/construction-ppe/images/test/image1406.jpg,37206,722fe3b3eec76a2cae402895d44a96c0d4758c4735942e0c27cc95fc271ef8d8,
label,datasets/construction-ppe/labels/test/image1406.txt,190,c95286ad475f8f29d4cc9fad1944b7fbc438a854a59858f9218ba032edc52577,5
image,datasets/construction-ppe/images/test/image149.jpg,51397,a805f719d008fa6baf35f8229e1ad35c77d431b996149ba63330651a4fa37aef,
label,datasets/construction-ppe/labels/test/image149.txt,570,06a968cdcfd6ac24822d81f62a18e7ed7634e47eea5e513711c2254ea077c20d,15
image,datasets/construction-ppe/images/test/image150.jpg,43497,f3e512ff521ceeceb27fd43816e35b9c49f736835e7b7a66f9e37769ab523c47,
label,datasets/construction-ppe/labels/test/image150.txt,304,5187f173d47d3de23709ed182bf6eda05a2af1dcca8aba7a78366c7b6e30b68a,8
image,datasets/construction-ppe/images/test/image160.jpg,68213,08c5a64df7439897ae585bc16676de65d586143280883c990b19d851bea66bf4,
label,datasets/construction-ppe/labels/test/image160.txt,190,b0de769294929ccede3a6e6699ee9255315f3e53f8a4ca3e02dbe3edc7d5d0aa,5
image,datasets/construction-ppe/images/test/image161.jpg,56776,94ef6560070c057240bd39565a53c4acbe11946ad85d01b7843f80862276b461,
label,datasets/construction-ppe/labels/test/image161.txt,152,ab93a088d1ff65131a64e261fd6d330533e2274e2e292d67f1a2ea4662064cfc,4
image,datasets/construction-ppe/images/test/image167.jpg,50179,6be703e91675f34ecf6a0620010773b972430fcdf23c0d8ffbbce6b53da3efc9,
label,datasets/construction-ppe/labels/test/image167.txt,798,9ccac49ead6a38fa05101ae4ab9bbce562013bb8a1c15d08ebb19044eaa0e3ca,21
image,datasets/construction-ppe/images/test/image168.jpg,33920,35e830fec2c16d7fb1c81c9edcc6ca886c70dab9639f242d3b1fe0b46064d769,
label,datasets/construction-ppe/labels/test/image168.txt,114,466c0c17a054e53ced47291aac3be247a2c152141797bb56deff64414778f453,3
image,datasets/construction-ppe/images/test/image169.jpg,46433,9d87ea34191722dfe5760d9ebdeea0c6bd6dc931813aef0ce0507a15082dae85,
label,datasets/construction-ppe/labels/test/image169.txt,152,450433215e4ed4fc145a467c49a47dc34f9a705940ff8a08072e5aaf6dd5503a,4
image,datasets/construction-ppe/images/test/image180.jpg,35043,3ba0b07055376f71e0a3b15e2c1fd2e02ceadbc664d20313f178ebd73918057f,
label,datasets/construction-ppe/labels/test/image180.txt,304,455552e8b5d0bb77ff57f751ad7713241aacedc105dfed892c537ad0822d9700,8
image,datasets/construction-ppe/images/test/image182.jpg,80436,d2ae0fc65098c16b950c03c1b96eef5988520dc2e27b437a5b6f726c007310eb,
label,datasets/construction-ppe/labels/test/image182.txt,1596,4bc9cea5d153c6728417176078a49d3953d2ac8ee45c8433a584aa566b44b034,42
image,datasets/construction-ppe/images/test/image190.jpg,104204,21c717b3164c3b0efe9f31f9b8cecdc7a38fa7047e4d133bbde035ccd9a447e9,
label,datasets/construction-ppe/labels/test/image190.txt,304,8f8f2935ffea9065b4d925559183aaf8fb6f9d670ff5b35755ce38edc77966d1,8
image,datasets/construction-ppe/images/test/image207.jpg,176175,79c93d7f1268ff9c73efdc4c9fb3206a40a6bcc5eae8e46d734d389b65683f07,
label,datasets/construction-ppe/labels/test/image207.txt,266,e84d1246477f2093ab1aa9e2777dd3212dae98b7ed91d22f833c7094de3dd679,7
image,datasets/construction-ppe/images/test/image225.jpg,92406,7a2994e48f0567402b6b1941a9c3ca5f43e991914f49453e07caeaf0960f6797,
label,datasets/construction-ppe/labels/test/image225.txt,190,91fa76027cf41706dd229f0513b87afd1bc3f2a802ccca5f381b6b185a9c2946,5
image,datasets/construction-ppe/images/test/image231.jpg,132199,b0f3010eead0c97684e5c74ea7a25a802813fa643aee68d3c6679124bbe187bd,
label,datasets/construction-ppe/labels/test/image231.txt,152,4aed2946773b203caff93e7036b74c3dff51caa9e353109ccaf7ed0079f2549b,4
image,datasets/construction-ppe/images/test/image241.jpg,132316,7ff8a9fe6423124551f96a2f8230aceace49d2198609a031169075ebea0ed722,
label,datasets/construction-ppe/labels/test/image241.txt,304,67a9a8bd95d9dbde2b0088c49b3a395c4cf60a79bfe2dc136c9916ac86a0883a,8
image,datasets/construction-ppe/images/test/image257.jpg,140351,84aba63c6f77747e84a12b250127eee7838e76aec251f5dde884c1b78960fbdf,
label,datasets/construction-ppe/labels/test/image257.txt,304,86a91de69970ee34ae91d6b5b961b3be21d02506daaa87b4a40d03306772898b,8
image,datasets/construction-ppe/images/test/image271.jpg,135931,6625588378f513b56fb2c561ae5b5deb596481311d289d575016c9a07e3d3176,
label,datasets/construction-ppe/labels/test/image271.txt,304,641c7bad950c49802a5d1eac07d9c3bc4a93ec532431a346370ee932dbeeca34,8
image,datasets/construction-ppe/images/test/image287.jpg,142062,28d04a3266f299f683e5877aed4b4460b97bac4a6445a8eff334d053d5ec3eef,
label,datasets/construction-ppe/labels/test/image287.txt,114,591655aa6078a646c15891e06f4f1bc7913914de2df9a7f060df6d696d7b4dc0,3
image,datasets/construction-ppe/images/test/image296.jpg,94224,322b63f69a10a00e4b4592d106c83a61b758d43cebca40c90144f92ca7b258bd,
label,datasets/construction-ppe/labels/test/image296.txt,304,c02b5516ab1cfce3fc2b7d51aea10c11e3fc4e40b829910bd29791b1680e0c79,8
image,datasets/construction-ppe/images/test/image324.jpg,187088,1fa2528fa5a2be45290397ff1cc81e1b9292cd0f04254393aaf28c8ddc30e65a,
label,datasets/construction-ppe/labels/test/image324.txt,760,b933f380ef42c00b26e609f4e053b3307fe791f099f15210119226b2b481ade3,20
image,datasets/construction-ppe/images/test/image345.jpg,185764,39dfef8b8a4c895ad7be63812e8807ca094cbcae442801f29800eb2e8a19fae7,
label,datasets/construction-ppe/labels/test/image345.txt,114,9773a17f7384c342edb94446a4009b390189aa438bab074e6de8bbd86f44590f,3
image,datasets/construction-ppe/images/test/image350.jpg,110943,c5c6f43a821cfc8984aa18e97bd1db79a42eb1f8f7b3fafbb676078cce054239,
label,datasets/construction-ppe/labels/test/image350.txt,304,0d247406b55a12d4efa7e43102576d31d5a027fbe872b3c2eeee3f12880ceb83,8
image,datasets/construction-ppe/images/test/image361.jpg,154770,1bc33eff291c3a32c919b29cb3c4e45b6882bb30e0d63f13d83591af955a34a6,
label,datasets/construction-ppe/labels/test/image361.txt,228,d9ca19ea9f2221fafc45b25724e346257260556d5fea281e4c29882743c160df,6
image,datasets/construction-ppe/images/test/image381.jpg,107286,44104eaa459d34614c1bf107b4574089c0d6a063d1dbb893df2496059a2c22ec,
label,datasets/construction-ppe/labels/test/image381.txt,266,e2559a66227e832795efc53b4fad6c4215ec2b353b59152a04646c2cff209ccc,7
image,datasets/construction-ppe/images/test/image389.jpg,178358,c14c88cd2309ecb17d24f55c7fe14bd90e66cd62966eed82ab44d866f1cca69c,
label,datasets/construction-ppe/labels/test/image389.txt,304,dabe2f55b86cdfd26cf99341e47e736d232db1270896f4d43fc333b7ff84b5bf,8
image,datasets/construction-ppe/images/test/image393.jpg,130052,e31010f18d73bb947a30003a2bf18e20819013afb626bda06ecf252c114a2d54,
label,datasets/construction-ppe/labels/test/image393.txt,304,f6a88883ca1624ab5e2f95dd6fcc3083f594a97a351608e83174b872667e0941,8
image,datasets/construction-ppe/images/test/image40.jpg,73454,9829e94cd701d2de33d3f3817c72a4937ceccb0298d31e85a93ff164afb3f0fc,
label,datasets/construction-ppe/labels/test/image40.txt,266,3621e11072ed80c369cce40ee56cc6237a1d43cc34c3e6267578c3f097e65dba,7
image,datasets/construction-ppe/images/test/image401.jpg,130381,9bf120a9e1d18aaaa736151a896633607942e399d0e842c2b987dbedba3e65e0,
label,datasets/construction-ppe/labels/test/image401.txt,304,b01577e35545c7082468d88ff3e2e852cc937ac9c65e8ec0780570944f1bd571,8
image,datasets/construction-ppe/images/test/image423.jpg,96602,a9f89253b5087733a87b7f242d8183c26f331cab59f7b94744d86876d54da327,
label,datasets/construction-ppe/labels/test/image423.txt,304,549e0a9f5e50d6ab438405761589b128de37cdf06bc0f5b0ce12d628a3f621c4,8
image,datasets/construction-ppe/images/test/image431.jpg,165999,b489dcdab81b5c9753b233a2a16243cc4a906446cee46ada7d2fd88ea2ed143e,
label,datasets/construction-ppe/labels/test/image431.txt,304,3da99d620ee9b21ba3551587f6955270e740df5ed1bf1f871dd1a072fcea3da2,8
image,datasets/construction-ppe/images/test/image441.jpg,195385,cadb00858d36ca39dd0d70081768cc25b5fb82d75315d26ca5d89889ea4fa91e,
label,datasets/construction-ppe/labels/test/image441.txt,304,bd081d67816887c825b3afbdb97aae9a08ac3733bd7997536caa41c65bd47e93,8
image,datasets/construction-ppe/images/test/image444.jpg,209266,21db04b8dbc87a9987f72a45d2320427363207a5544eaf6a20dcd599cb0be3e4,
label,datasets/construction-ppe/labels/test/image444.txt,304,6bc3f402241f854bcd7982efd8d22dd3e97b9a2b14aba19cf4614baec79994c7,8
image,datasets/construction-ppe/images/test/image450.jpg,69698,ce1f9ecdbe95834edb4ec2f960413d1b13643421a817286b2291f3b03becca6b,
label,datasets/construction-ppe/labels/test/image450.txt,304,a4cb83b580907a3bb63a47797dc7468f9c14a6470333ea94aa7d0df9576f745e,8
image,datasets/construction-ppe/images/test/image459.jpg,98957,7e4557a2239a15d72a85233b5bbd4bdc0cb79e2ac70ba5c327acba2882d1956e,
label,datasets/construction-ppe/labels/test/image459.txt,266,963d48b3e7431470dd84e68dd7f6050d33ff98cbbdcf6fb6d20d8fcefcf6e6d3,7
image,datasets/construction-ppe/images/test/image460.jpg,145840,7b277480250befa84404541bc82447dc18ad7b811b5266e3b8473b11e0c354b3,
label,datasets/construction-ppe/labels/test/image460.txt,190,e31372c234f02e09689a87a63a9d285951ff3e3bd0ddaa63a8971eb4111fb861,5
image,datasets/construction-ppe/images/test/image462.jpg,73885,ad5523e79058bc801d502aba6fe4f84b1a0278fade165af45f5fa92968c35918,
label,datasets/construction-ppe/labels/test/image462.txt,912,e0101732a52f4dd9edba87fadf8fedf072a7c7c1b5b9c16dabae1fea89b21aa7,24
image,datasets/construction-ppe/images/test/image470.jpeg,40609,a7448ecea20d5f5b28105290d5a30d5918d5ed83bd6cee295dc0bd45b4461069,
label,datasets/construction-ppe/labels/test/image470.txt,152,801bb15320f35eb77294f01c2d620be68d8b095afbff870b16a0317451cbe96f,4
image,datasets/construction-ppe/images/test/image481.jpg,44958,d47aed162c364dc636806cfde47e75bc4613a912b9eeb26c413e7476dc029e6d,
label,datasets/construction-ppe/labels/test/image481.txt,456,c73099294c0cbeac04902a8cadb6b2a77814e34e14df11a0fde85fb247b40b38,12
image,datasets/construction-ppe/images/test/image484.jpg,67874,1a52958284efc66705ede0e98d9ae1ece0cd9e1f3bc457784204c7865367f965,
label,datasets/construction-ppe/labels/test/image484.txt,190,083571819fad116c1ed33ce6ff30819ae5f6a70c1be2f6d313700d442984deb5,5
image,datasets/construction-ppe/images/test/image502.jpg,192084,13f7505d5e5cdeb66f787ca0147ec77b267a69bdf8113fc441d4dc4e99e902d8,
label,datasets/construction-ppe/labels/test/image502.txt,266,52d25372dc654b44c6979383fc6e68822b202dca11c47c972179dc7256dd8cde,7
image,datasets/construction-ppe/images/test/image517.jpg,122785,c6f92164cdcd763fceffc955cdb533e46704cb987c99d582ade3048a4791d948,
label,datasets/construction-ppe/labels/test/image517.txt,304,b7d03221cd5a69c7af0d6ed9afa4c0c61c050e182cff91be37e6653434a3a856,8
image,datasets/construction-ppe/images/test/image533.jpg,137605,36f5688768be47d4d3b5cde38ef564424f3bf0f9e5dbdce74cef5be1d93c0188,
label,datasets/construction-ppe/labels/test/image533.txt,532,1926f66fee433bf9c93a8df5e0ac83aa5b9c2cb32fa06a4bdf3152dbc03fd4ee,14
image,datasets/construction-ppe/images/test/image535.jpg,245524,ca90910b42c9e8d6b1cde9f64a26e3b47a610589706e8ae8b40eb9f4081117d4,
label,datasets/construction-ppe/labels/test/image535.txt,152,fecf7dad578612134d3912774a901b5ea2f2ff90e4fd488a0ef5482a9c5c57c9,4
image,datasets/construction-ppe/images/test/image536.jpg,241646,fdb475c889db3fb651b8a79222c1ed7d54575b5189109476b3b41e0dd12fbbb7,
label,datasets/construction-ppe/labels/test/image536.txt,1102,3f126729a7222f41f08dfa6057bec1fab279b431af44694213db539533a8ccb1,29
image,datasets/construction-ppe/images/test/image537.jpg,151525,6a6d47d0c44b00b16dde3e7e763574d69aa42f255767886012b810e70c3220d6,
label,datasets/construction-ppe/labels/test/image537.txt,760,85cfbe3f3d9b8e2d273d7ed859f9c01b9f95580b915655ff5f2b3f618568432a,20
image,datasets/construction-ppe/images/test/image538.jpg,166817,af04552d1aeb177c85188df628c7d751ffbd35358e9f8b8e9418cf1d74124e39,
label,datasets/construction-ppe/labels/test/image538.txt,304,3785395a839ee7a81d00921893a60348ba02967b34b80004922ee9fe1d19d95c,8
image,datasets/construction-ppe/images/test/image541.jpg,151290,cbb5d98b6d11aafcd5ed6d1b5044ae597b5f2ca02fea1fa06c76ef50a5785565,
label,datasets/construction-ppe/labels/test/image541.txt,228,e1407ea90ecb2542dc5297bee67a93fb20c1da0cb583897cf7369c6073cbf4be,6
image,datasets/construction-ppe/images/test/image548.jpg,136538,c021147be3bac51ab4b170af7340551e96bbd4ad4f6f7d278a7d515c29ffb5b4,
label,datasets/construction-ppe/labels/test/image548.txt,342,44aeefc4e2e22fd2550208daeb995e04aeb1d8b657d7869b506380ec6752315b,9
image,datasets/construction-ppe/images/test/image550.jpg,56769,173f1aec66c2bc1d4e39daead89235d60ac4f413445bb9a71929d8987050a53f,
label,datasets/construction-ppe/labels/test/image550.txt,114,9a47509e683a472673a05e92645d6a286ae79eecf96b9cd5ba45d8c482e5c35e,3
image,datasets/construction-ppe/images/test/image58.jpeg,50847,a0abc2f161d8e19dae318a33f67ed34e39d23623b7d3119539fe74b55aec54e5,
label,datasets/construction-ppe/labels/test/image58.txt,76,fc3be6f141a838b7e26fecf44a02e617d787a328a4fab5ef2a0fca8acd052091,2
image,datasets/construction-ppe/images/test/image585.jpg,109335,f8c441fa6736775e14ed25ec528c11af3b5a3df3596f4a16631ebcbb482b1c68,
label,datasets/construction-ppe/labels/test/image585.txt,304,6e0323f0cfa4c37352bfa69a53daa446dd47b97deec9883a6934f892ee16cacc,8
image,datasets/construction-ppe/images/test/image6.jpeg,38023,52e331bb290b8638a258bee3848e74365fa76c97d79142fb926a119ac75dd518,
label,datasets/construction-ppe/labels/test/image6.txt,228,2eaa309f5d98a6585ac555c8fb4d8faf03c1962d8db1fd48e551a1e2d5b5a5a5,6
image,datasets/construction-ppe/images/test/image611.jpg,57482,49810a97d9f6852a15d65a7a555fa35ed246e2c829bb6931b7e6cc51754e27c6,
label,datasets/construction-ppe/labels/test/image611.txt,1026,bf82b2776e55c4dcd693dfc2eea88e2f04baa9217bcc88a0c595b1a908d4cc8f,27
image,datasets/construction-ppe/images/test/image612.jpg,60346,cb5db1a408015bf3f2ed0fcf7a363442150ffdf8aa5367b906578ed151ca7bd8,
label,datasets/construction-ppe/labels/test/image612.txt,798,71f9440a97d030ea1ba19eefbe75c133332e7beca8921d52fc2d6f14ff0f73a2,21
image,datasets/construction-ppe/images/test/image616.jpg,50953,6a811bbb0f92163ad3d906f194defbb87ba026074a14b2382cb6f02d85c025a4,
label,datasets/construction-ppe/labels/test/image616.txt,342,3f411d86dfc608d66fe9b7174c2819e3e6213e4b33f7c40468a7dc575abe30d7,9
image,datasets/construction-ppe/images/test/image619.jpeg,43924,b3b6ae4999cbf5ca17fec984caddc4746b28197aa4f2cb11f087769ce55c7dfc,
label,datasets/construction-ppe/labels/test/image619.txt,380,82cd2480e4f3215d968a0e8b28f35baec3c1d8b4388e9eaf1f49920ee2d09d62,10
image,datasets/construction-ppe/images/test/image63.jpg,67000,e6bb72c4ff48849c6394d618f7c52d8f448eae999016ac93b2788eaf021b5952,
label,datasets/construction-ppe/labels/test/image63.txt,190,c1693e12f3bb90579526a94c659f3a234bd75b98fee1c7b9e4d919284e067e8a,5
image,datasets/construction-ppe/images/test/image633.jpg,59194,a34105b62fd6d4e7dc022909742ecf59b852f0c5d76243e8605a0ed1a9601ac8,
label,datasets/construction-ppe/labels/test/image633.txt,152,18e9634072be14e6a19d612a4332073cdffc35ecbcb4a555b3188d82459c3966,4
image,datasets/construction-ppe/images/test/image694.jpeg,29630,2e3d6ef3d607e57be2b67dc4cae4483cc9b17f346ff6e0b9617c0e85f359f73f,
label,datasets/construction-ppe/labels/test/image694.txt,114,c6fa8dc4066c2c9d3a5a8129646792ef986e7b9dae0b7839bb694904ed4a51b6,3
image,datasets/construction-ppe/images/test/image696.jpg,77543,9975dcef1740385700230e05915d2b8f4a09a92f6ed7576188ab55f48ae25896,
label,datasets/construction-ppe/labels/test/image696.txt,190,abaf5c6490398eb651d3fc0bc6ff7abb40084b705334280955908bec1e02eb0d,5
image,datasets/construction-ppe/images/test/image70.jpeg,38178,c91669fa0f30767b1c5ed32b5b1c8a86b4adab946c2d34d8a4abb56fd5954653,
label,datasets/construction-ppe/labels/test/image70.txt,190,f7ab14df732654cad0c749599740253b0e97714783ce488cfc13ab9e65db374a,5
image,datasets/construction-ppe/images/test/image700.jpeg,34938,76f9953df2ef273bbf1f3e028fee10356ffd1347ed939c9a115c9ead9ae59624,
label,datasets/construction-ppe/labels/test/image700.txt,114,eb83e92bd65a650374d999b451ed7c33d58050d2ce9a9d2ad2336da290595c11,3
image,datasets/construction-ppe/images/test/image708.jpg,68942,169e2eca47acc9fcfa05815d738a1ccd3e0317dd346897c98c933216df68236a,
label,datasets/construction-ppe/labels/test/image708.txt,228,cc724d83737639da41001ed8b173f43dc7a9298fb2811439640fa726cbf58d44,6
image,datasets/construction-ppe/images/test/image714.jpeg,35854,0abe1730be3da9a15120631ee41a8c3ed7fe66584af691df4d0c30080cc96932,
label,datasets/construction-ppe/labels/test/image714.txt,38,413a40af214b334ff2dbe15a3619e99184d7e69b6d6f7005f4c43ac821117778,1
image,datasets/construction-ppe/images/test/image718.jpg,38854,96d8172e6ca17af35cbbdca134ab4376beee74c5479ddaa0d46e31221d94a3f7,
label,datasets/construction-ppe/labels/test/image718.txt,114,aa636bb5a2897c42426b15f9151afee4a7cf9839b147a8c018fc274754080a09,3
image,datasets/construction-ppe/images/test/image722.jpeg,38084,501bebc45d38235c54241c27eea03874b6d7373084f430643348848f7a0da1db,
label,datasets/construction-ppe/labels/test/image722.txt,190,92004e69271aa25a5d884cca8c41b17ac2c9c041a8a955294d36e5b87ad27c29,5
image,datasets/construction-ppe/images/test/image739.jpeg,39422,6d0c6623d2dc44dbf6373dc244088e8bdeac25728483215cf99c7f729820dcd3,
label,datasets/construction-ppe/labels/test/image739.txt,190,1196c2f140108413683e86a2759a3b0bc5c47a6a01b286035f4c04bc752137ea,5
image,datasets/construction-ppe/images/test/image758.jpg,57568,eab66da6fff3e8a48979c8c827a8408ef354d4309bcdba41b5fa8387b7fdab38,
label,datasets/construction-ppe/labels/test/image758.txt,152,a545e372413cd376b7d2cfe19440727b46bb25fb9f2ebcb781d3ece1896b45ed,4
image,datasets/construction-ppe/images/test/image772.jpg,55251,7a47f39152c664d2c76746494a291b853f6a20ef33ec73b12eb7f394a0bd92dc,
label,datasets/construction-ppe/labels/test/image772.txt,494,664a55a9d0da9674cd90da0cb343c969a2532f4d4e1ab3becfdbf7bce0d36855,13
image,datasets/construction-ppe/images/test/image779.jpg,54654,16354557e49aba8bb870c0ffa9f293ea836f08c2282b30d5444bab32b0e19f61,
label,datasets/construction-ppe/labels/test/image779.txt,494,cd31fa1a37160f18fb42871a1389587c19415db8307bc59ae8050b4c449316a0,13
image,datasets/construction-ppe/images/test/image787.jpg,57889,65d6d42c613fe2c5a1968ff30f7f3eee0a92045f2874b3e1f7097aa124203f08,
label,datasets/construction-ppe/labels/test/image787.txt,190,a8c777ff562f5ef3443b972444e21bc7e6d2a3f0b1ef5a967aec5164abb8b7d5,5
image,datasets/construction-ppe/images/test/image796.jpg,63143,fa6f4ed75a4c4576d059821cf6950c70365685fab924a04d963b62c69ed49813,
label,datasets/construction-ppe/labels/test/image796.txt,760,fc546fb75e48a3487316f8191b3234ab36cfd582427462bde91ee43306decfde,20
image,datasets/construction-ppe/images/test/image805.jpg,51532,d515b45cbb1b9ea9f022fc31aad05421b538794e654b4829dc8a73f0e507d8fd,
label,datasets/construction-ppe/labels/test/image805.txt,228,1792824bb6e981d390f003bc728e94bf7de603a4c460474c2fb32bdb04d3d3e5,6
image,datasets/construction-ppe/images/test/image810.jpg,76498,1112220834864b909cdf4916b51ad54d797869294a41e0cbf48e5d38c46f4977,
label,datasets/construction-ppe/labels/test/image810.txt,152,b1e60cf5135f3364f3931f0f5f4d27480871b7a71e7a2ec8afe9e8fadaffe12d,4
image,datasets/construction-ppe/images/test/image825.jpg,53537,3593c84ffbf7249539aaaa1af46596f2b3a0b92657817a144a1864a99b0e6027,
label,datasets/construction-ppe/labels/test/image825.txt,76,ccf1e28390b4668012751e3b6110919edb096a13c0d994441bf06c4707da3919,2
image,datasets/construction-ppe/images/test/image834.jpg,49809,26929b3beed1c328ae6a38d874612575fd88f900649647696ac31e85f21d707b,
label,datasets/construction-ppe/labels/test/image834.txt,76,e2bbbc5296c8d3482366760730ec157b43128f7811577d10855f8c85b9df6b55,2
image,datasets/construction-ppe/images/test/image846.jpg,94371,37851e8ff9dea123e31fdee8a33c22ef8d7b2543963cfeb11d7a633ace007f25,
label,datasets/construction-ppe/labels/test/image846.txt,76,bdca313efe610208b49c46ed6c83736b3dc9bb02ff3e868ed4589eeefc665917,2
image,datasets/construction-ppe/images/test/image860.jpg,42210,27423bcd79c730e329d30310b92946598e3a6235bf5cdd23338e248d635c0f3c,
label,datasets/construction-ppe/labels/test/image860.txt,304,7aad7d6fb9de7659e25fd0260a5cf311e0dea17fdafe6572390f488f966fa358,8
image,datasets/construction-ppe/images/test/image884.jpg,41929,cd3a462328ab67c6915c75ce7a0bbaf8aa172dd2e92128fcd66f28b4ebe41e7b,
label,datasets/construction-ppe/labels/test/image884.txt,304,b4d97d4974a46d282f3b6e85f76c7eb4ad2d8fc9ef6760ae0705a2c37e902f83,8
image,datasets/construction-ppe/images/test/image905.jpg,38514,e302f5d16695fff9cfd89f0980ce7cc5c76e81de1b09116b10c5d417f0ffa843,
label,datasets/construction-ppe/labels/test/image905.txt,304,3bddda4f4c52403e993d774725023228a03bd50825977daf35015d0e7f8d7321,8
image,datasets/construction-ppe/images/test/image910.jpg,41295,77854ca2719c39927ec095ab13a78e87b928cc3afa3c6bb76500eeab12fb0b95,
label,datasets/construction-ppe/labels/test/image910.txt,304,afeee48f6833493fd559d05a0b777b1fc448bef9f57a67b686d34168c70d25f4,8
image,datasets/construction-ppe/images/test/image913.jpg,42761,d42c645672ea42b583f93bca3189f24a0fd8d3d2cd290f7cdf266ae8680cfe51,
label,datasets/construction-ppe/labels/test/image913.txt,304,5ec6954ffc73dd9d6848b037a7e30b6d671d35f8b3b3835c96a075e52d4618e1,8
image,datasets/construction-ppe/images/test/image921.jpg,44046,5e33b0471b604355d8e5f77e912c1229a25ea95dbb153eab31c3d910471e5115,
label,datasets/construction-ppe/labels/test/image921.txt,304,1d74536335a69ea02a05280126ac29f03079d9d86ef4c001d9a496bc9c4635a8,8
image,datasets/construction-ppe/images/test/image922.jpg,44494,3dca755f1adda124e6a2ee4d5c0231798b1c9a389f6a32ac8abfbeaeefd3fd72,
label,datasets/construction-ppe/labels/test/image922.txt,304,4d78eb600374905674e166489148acc4cfaf471b6dd3afac1552c202481da7ba,8
image,datasets/construction-ppe/images/test/image923.jpg,38184,4d1a74236ab978ffec14bb333c5ef6aad3fa806f4417bba1a76d14d519222ecb,
label,datasets/construction-ppe/labels/test/image923.txt,266,bfe2680b7849ae75c490b0a948790a541c6c3d1567a3ae20875997c0efab91f1,7
image,datasets/construction-ppe/images/test/image927.jpg,39635,3c23def20387ad83cc3f410f89910755c7cea9af05f941053623e7d336292e47,
label,datasets/construction-ppe/labels/test/image927.txt,266,f70ab5a149e694f8bd548804b3a5804d4b92d8a05a3a85a3bf232079dd55ac1b,7
image,datasets/construction-ppe/images/test/image934.jpg,40830,0d78ba7db328800407b17690037ab53a1a3b6995a0217c491dba0dcca11d094d,
label,datasets/construction-ppe/labels/test/image934.txt,304,9c6d89084df2fa1ac31a5b16c2c14c8d7306c08e3c091401df279d3c3af62b3b,8
image,datasets/construction-ppe/images/test/image935.jpg,41365,623eb666a030520b56fe667d6c4c124a3e1e2b861ae5b253ed3ad5930a52c083,
label,datasets/construction-ppe/labels/test/image935.txt,304,60081a510489a860e7d090949ce0ddfb9b39dc1fca0623bc554f34150491e177,8
image,datasets/construction-ppe/images/test/image943.jpg,43228,9c3c59301618682d15a62d0bb44e5d81b6965787070df8be8c7725b9a31c1e1a,
label,datasets/construction-ppe/labels/test/image943.txt,304,562898e1bde81ff25f628ef5d628b6c43cb045088a2b4797bc42473a71560a28,8
image,datasets/construction-ppe/images/test/image956.jpg,42658,9774b409d85c182dd40b97662485178dbb6a2f0f2615ac602e6e0c5111e31698,
label,datasets/construction-ppe/labels/test/image956.txt,304,6d8d5bc7e72e1409a1c6ac681d42d678617d94d5f74b4ac0d8d570b436408851,8
image,datasets/construction-ppe/images/test/image965.jpg,45563,ede7fc001c1f63e18ac40d7cf567a213bebc85e39dad365de3b1396c7aa2e69b,
label,datasets/construction-ppe/labels/test/image965.txt,304,79bc4d7c70b7ffb4b2acf355607e36063693ec5e1f351564215d8df4575f2f9d,8
image,datasets/construction-ppe/images/test/image979.jpg,43744,bc957741ce7504c432b512e3b8ff89ab5668b3a90387bc3c1b252d7d317e73a6,
label,datasets/construction-ppe/labels/test/image979.txt,304,ac9e5f397c6344e29553d8d00b18361112c7e6898eb634f800cad033e266a8b1,8
image,datasets/construction-ppe/images/test/image98.jpg,49092,949b9c1a89d81110a4280c3a74bab19f8a42c1c61f936ec2ddde7fbe8eb3c252,
label,datasets/construction-ppe/labels/test/image98.txt,304,8a498888be9092c4db71088e8948ef5ce874a1b4c6035f78d283538e0042d11e,8
image,datasets/construction-ppe/images/test/image987.jpg,42767,d4cba8bc6f37a638b282253904bd19164682371a7fcef759a20a707e24b98898,
label,datasets/construction-ppe/labels/test/image987.txt,304,6430e33494c68c4eb50016d82253c315447a1d624611dbc96b6cba1878ea1af9,8
image,datasets/construction-ppe/images/test/image999.jpg,45591,7a962fbadbf7d1a9e1939741cc85e4615674cb365eb9d25cab2a969057f4124c,
label,datasets/construction-ppe/labels/test/image999.txt,304,3e109e8cf9e796a8df8ddd2622c6183a81cec3bab691cc4b8b3051cfe4b29830,8
